Name,Age,Sex
James,22,Male
Daniel,58,Male
Chris,33,Female
James,22,Male
Daniel,58,Male
Chris,33,Female
James,22,Male
Daniel,58,Male
Chris,33,Female
James,22,Male
Daniel,58,Male
Chris,33,Female
James,22,Male
Daniel,58,Male
Chris,33,Female
James,22,Male
Daniel,58,Male
Chris,33,Female
James,22,Male
Daniel,58,Male
Chris,33,Female
James,22,Male
Daniel,58,Male
Chris,33,Female
James,22,Male
Daniel,58,Male
Chris,33,Female
James,22,Male
Daniel,58,Male
Chris,33,Female
James,22,Male
Daniel,58,Male
Chris,33,Female